dataset,model,seed,event_id,available_future_steps,horizon_steps,horizon_seconds,mae_acc,rmse_acc,mae_spacing,rmse_spacing,mae_speed,collision,collision_step,unsafe_event,unsafe_frames,unsafe_frame_rate,unsafe_thw_threshold_seconds,thw_moving_frames,minimum_predicted_thw,negative_speed_attempts,negative_speed_attempt_rate,overspeed_attempts,overspeed_attempt_rate,numerical_failure,minimum_predicted_spacing,evaluation_gpu_local,evaluation_gpu_physical
NGSIM,Fritzsche,101,0,590,590,59.0,0.6823035478591919,0.8740959763526917,7.899549961090088,8.93454647064209,0.7578803896903992,0,-1,1,431,0.7305084745762712,2.0,590,0.5178614854812622,0,0.0,0,0.0,0,3.360447406768799,0,5
NGSIM,Fritzsche,101,1,415,415,41.5,0.49671369791030884,0.647219717502594,10.696793556213379,11.955865859985352,1.0860512256622314,0,-1,1,214,0.5156626506024097,2.0,415,0.8660963773727417,0,0.0,0,0.0,0,5.525038719177246,0,5
NGSIM,Fritzsche,101,2,458,458,45.800000000000004,0.5877118110656738,0.7521279454231262,11.253470420837402,12.06360912322998,0.5498342514038086,0,-1,1,458,1.0,2.0,458,0.6765902638435364,0,0.0,0,0.0,0,5.545998573303223,2,7
NGSIM,Fritzsche,101,3,507,507,50.7,0.6473129391670227,0.8408522605895996,2.884291172027588,3.325547695159912,0.5526846051216125,0,-1,1,410,0.8086785009861933,2.0,507,0.8388580679893494,0,0.0,0,0.0,0,5.368906021118164,2,7
NGSIM,Fritzsche,101,4,136,136,13.600000000000001,1.2175296545028687,1.4736050367355347,37.6446647644043,49.34661102294922,7.292428970336914,0,-1,0,0,0.0,2.0,136,4.675896167755127,0,0.0,0,0.0,0,96.26028442382812,1,6
NGSIM,Fritzsche,101,5,436,436,43.6,0.8113498687744141,1.026383638381958,7.620129585266113,8.567581176757812,1.0443116426467896,0,-1,1,304,0.6972477064220184,2.0,436,0.663810133934021,0,0.0,0,0.0,0,5.226191520690918,2,7
NGSIM,Fritzsche,101,6,443,443,44.300000000000004,0.5701869130134583,0.7524867057800293,9.64426326751709,10.129490852355957,3.8399245738983154,1,212,1,133,0.3002257336343115,2.0,212,0.0,0,0.0,0,0.0,0,0.0,1,6
NGSIM,Fritzsche,101,7,392,392,39.2,0.3134555220603943,0.5123070478439331,15.622856140136719,18.120420455932617,3.5296366214752197,1,214,1,214,0.5459183673469388,2.0,214,0.0,0,0.0,0,0.0,0,0.0,0,5
NGSIM,Fritzsche,101,8,516,516,51.6,0.6213531494140625,0.8313783407211304,11.274415016174316,12.352238655090332,0.7254151105880737,0,-1,1,374,0.7248062015503876,2.0,516,0.8742258548736572,0,0.0,0,0.0,0,5.8381428718566895,2,7
NGSIM,Fritzsche,101,9,481,481,48.1,0.5110952854156494,0.6669166684150696,2.73673677444458,3.0843465328216553,0.5116754174232483,0,-1,1,382,0.7941787941787942,2.0,481,0.9661420583724976,0,0.0,0,0.0,0,9.03947925567627,2,7
NGSIM,Fritzsche,101,10,399,399,39.900000000000006,0.6873392462730408,0.8899989128112793,14.531970024108887,18.25240707397461,1.0929523706436157,0,-1,1,204,0.5112781954887218,2.0,399,0.38640859723091125,0,0.0,0,0.0,0,3.258906841278076,0,5
NGSIM,Fritzsche,101,11,567,567,56.7,0.7491128444671631,1.033271312713623,20.60416030883789,22.893192291259766,1.1504751443862915,0,-1,1,482,0.8500881834215167,2.0,567,0.7353107929229736,0,0.0,0,0.0,0,4.5139594078063965,2,7
NGSIM,Fritzsche,101,12,258,258,25.8,0.4381987750530243,0.6209611296653748,19.86468505859375,26.506526947021484,2.275890588760376,0,-1,0,0,0.0,2.0,258,2.3056797981262207,0,0.0,0,0.0,0,25.658357620239258,2,7
NGSIM,Fritzsche,101,13,526,526,52.6,0.475407212972641,0.5889503359794617,5.661082744598389,6.462916374206543,0.4777364134788513,0,-1,1,526,1.0,2.0,526,0.5489548444747925,0,0.0,0,0.0,0,4.097545623779297,0,5
NGSIM,Fritzsche,101,14,175,175,17.5,0.7735459804534912,0.911178469657898,0.7794459462165833,0.9580287933349609,0.4738825857639313,0,-1,1,71,0.4057142857142857,2.0,175,1.6907974481582642,0,0.0,0,0.0,0,14.103029251098633,1,6
NGSIM,Fritzsche,101,15,257,257,25.700000000000003,0.5048477053642273,0.6638049483299255,9.120424270629883,9.86027717590332,0.6299968957901001,0,-1,1,135,0.5252918287937743,2.0,257,1.6944574117660522,0,0.0,0,0.0,0,13.04255199432373,2,7
NGSIM,Fritzsche,101,16,200,200,20.0,0.7229263782501221,1.0279276371002197,4.343652248382568,5.208995342254639,1.368259310722351,0,-1,1,12,0.06,2.0,200,1.3687639236450195,0,0.0,0,0.0,0,4.898788928985596,1,6
NGSIM,Fritzsche,101,17,366,366,36.6,0.6493481993675232,0.796795129776001,4.479245662689209,5.183273792266846,0.7169637084007263,0,-1,1,268,0.73224043715847,2.0,366,0.8146141171455383,0,0.0,0,0.0,0,5.402703762054443,0,5
NGSIM,Fritzsche,101,18,526,526,52.6,0.6163367629051208,0.7826133370399475,4.326964378356934,5.389580249786377,0.635831892490387,0,-1,1,426,0.8098859315589354,2.0,526,0.7425902485847473,0,0.0,0,0.0,0,5.994927883148193,2,7
NGSIM,Fritzsche,101,19,687,687,68.7,0.8204256892204285,1.1324305534362793,13.394841194152832,14.412642478942871,5.1791090965271,1,161,1,101,0.1470160116448326,2.0,161,0.0,0,0.0,0,0.0,0,0.0,1,6
NGSIM,Fritzsche,101,20,386,386,38.6,0.7378789782524109,0.9571408033370972,9.268167495727539,11.421494483947754,1.3419533967971802,0,-1,1,209,0.5414507772020726,2.0,386,0.214888334274292,0,0.0,0,0.0,0,0.9391916394233704,1,6
NGSIM,Fritzsche,101,21,303,303,30.3,0.6896370649337769,0.8682781457901001,1.7051653861999512,2.025639057159424,0.7208828330039978,0,-1,1,126,0.4158415841584158,2.0,303,1.6957223415374756,0,0.0,0,0.0,0,14.6580171585083,0,5
NGSIM,Fritzsche,101,22,678,678,67.8,0.8349168300628662,1.119218349456787,7.768064022064209,8.90824031829834,4.073188781738281,1,248,1,224,0.3303834808259587,2.0,248,0.0,0,0.0,0,0.0,0,0.0,0,5
NGSIM,Fritzsche,101,23,223,223,22.3,0.590926468372345,0.716804027557373,1.649783968925476,1.9769325256347656,0.6607034206390381,0,-1,1,223,1.0,2.0,223,1.3674792051315308,0,0.0,0,0.0,0,12.067184448242188,2,7
NGSIM,Fritzsche,101,24,185,185,18.5,0.6988264918327332,0.8598566651344299,13.421341896057129,15.834453582763672,1.7032999992370605,0,-1,1,65,0.35135135135135137,2.0,185,1.4000744819641113,0,0.0,0,0.0,0,11.949193954467773,0,5
NGSIM,Fritzsche,101,25,317,317,31.700000000000003,0.7928872108459473,1.1628178358078003,12.979196548461914,15.95692253112793,3.131413221359253,1,172,1,172,0.5425867507886435,2.0,172,0.0,0,0.0,0,0.0,0,0.0,1,6
NGSIM,Fritzsche,101,26,176,176,17.6,1.0864444971084595,1.2757481336593628,56.04774475097656,68.67082977294922,7.052914619445801,0,-1,1,16,0.09090909090909091,2.0,176,1.567051887512207,0,0.0,0,0.0,0,31.385250091552734,0,5
NGSIM,Fritzsche,101,27,146,146,14.600000000000001,0.9864224791526794,1.218016505241394,38.841190338134766,48.19783401489258,6.351192474365234,0,-1,0,0,0.0,2.0,146,2.255624771118164,0,0.0,0,0.0,0,44.0169792175293,0,5
NGSIM,Fritzsche,101,28,638,638,63.800000000000004,0.43126699328422546,0.6305012106895447,11.242179870605469,12.916807174682617,2.3082056045532227,1,435,1,311,0.48746081504702193,2.0,435,0.0,0,0.0,0,0.0,0,0.0,1,6
NGSIM,Fritzsche,101,29,518,518,51.800000000000004,0.7309682369232178,0.9386841654777527,6.434948921203613,7.535420894622803,4.210678577423096,1,183,1,183,0.3532818532818533,2.0,183,0.0,0,0.0,0,0.0,0,0.0,1,6
NGSIM,Fritzsche,101,30,173,173,17.3,0.39904746413230896,0.516788899898529,2.5476460456848145,3.39393949508667,0.4488811194896698,0,-1,1,173,1.0,2.0,173,0.9769892692565918,0,0.0,0,0.0,0,7.042822360992432,2,7
NGSIM,Fritzsche,101,31,401,401,40.1,0.6201881766319275,0.7802129983901978,3.8643128871917725,5.414970874786377,0.5803421139717102,0,-1,1,401,1.0,2.0,401,0.653546929359436,0,0.0,0,0.0,0,4.807941913604736,2,7
NGSIM,Fritzsche,101,32,147,147,14.700000000000001,0.881719708442688,1.0659010410308838,29.103239059448242,38.69576644897461,5.434945106506348,0,-1,0,0,0.0,2.0,147,4.614344120025635,0,0.0,0,0.0,0,82.99349975585938,0,5
NGSIM,Fritzsche,101,33,410,410,41.0,0.6031278967857361,0.7358973026275635,5.237726211547852,6.391864776611328,1.0748101472854614,0,-1,1,196,0.47804878048780486,2.0,410,0.6880034804344177,0,0.0,0,0.0,0,4.5978193283081055,1,6
NGSIM,Fritzsche,101,34,410,410,41.0,0.5819627046585083,0.8027924299240112,9.9743013381958,11.514714241027832,0.7185624241828918,0,-1,1,410,1.0,2.0,410,0.8648182153701782,0,0.0,0,0.0,0,5.9972381591796875,0,5
NGSIM,Fritzsche,101,35,315,315,31.5,0.4573317766189575,0.5684914588928223,9.077327728271484,10.063997268676758,0.9389287829399109,0,-1,1,291,0.9238095238095239,2.0,315,1.0794838666915894,0,0.0,0,0.0,0,8.521007537841797,1,6
NGSIM,Fritzsche,101,36,374,374,37.4,0.6036157608032227,0.813701331615448,7.308161735534668,9.18511962890625,0.7338937520980835,1,361,1,243,0.6497326203208557,2.0,361,0.0,0,0.0,0,0.0,0,0.0,2,7
NGSIM,Fritzsche,101,37,310,310,31.0,0.7231452465057373,0.9141589999198914,2.026855707168579,2.673283815383911,0.8390663266181946,0,-1,1,304,0.9806451612903225,2.0,310,1.4343289136886597,0,0.0,0,0.0,0,12.53248119354248,2,7
NGSIM,Fritzsche,101,38,302,302,30.200000000000003,0.7250903248786926,0.8747227191925049,2.6075992584228516,3.215384006500244,0.6803628206253052,0,-1,1,273,0.9039735099337748,2.0,302,1.1456012725830078,0,0.0,0,0.0,0,7.491098403930664,1,6
NGSIM,Fritzsche,101,39,259,259,25.900000000000002,0.6431601643562317,0.7879754900932312,3.5793814659118652,4.349873065948486,0.9660875201225281,0,-1,1,187,0.722007722007722,2.0,259,0.9103797078132629,0,0.0,0,0.0,0,7.349883556365967,1,6
NGSIM,Fritzsche,101,40,391,391,39.1,0.6904255747795105,0.8953911066055298,11.069889068603516,12.346610069274902,2.1002390384674072,1,314,1,314,0.80306905370844,2.0,314,0.0,0,0.0,0,0.0,0,0.0,1,6
NGSIM,Fritzsche,101,41,291,291,29.1,0.6210278868675232,0.8061360120773315,5.995181560516357,7.073187351226807,1.0029816627502441,0,-1,1,100,0.3436426116838488,2.0,291,0.7135831713676453,0,0.0,0,0.0,0,3.4738409519195557,2,7
NGSIM,Fritzsche,101,42,462,462,46.2,0.6407712697982788,0.8217728734016418,5.0995635986328125,6.62052059173584,0.778181791305542,0,-1,1,404,0.8744588744588745,2.0,462,0.49687039852142334,0,0.0,0,0.0,0,3.7226977348327637,0,5
NGSIM,Fritzsche,101,43,398,398,39.800000000000004,0.5539959669113159,0.7103239297866821,2.248753070831299,2.828881025314331,0.5270727276802063,0,-1,1,398,1.0,2.0,398,1.3926228284835815,0,0.0,0,0.0,0,11.275075912475586,1,6
NGSIM,Fritzsche,101,44,661,661,66.10000000000001,0.6316768527030945,0.8936678767204285,11.073873519897461,11.933385848999023,2.196728467941284,1,231,1,231,0.3494704992435703,2.0,231,0.0,0,0.0,0,0.0,0,0.0,2,7
NGSIM,Fritzsche,101,45,149,149,14.9,1.1916087865829468,1.4015939235687256,34.515628814697266,46.42648696899414,6.529001712799072,0,-1,1,47,0.31543624161073824,2.0,149,1.1419308185577393,0,0.0,0,0.0,0,25.32958984375,1,6
NGSIM,Fritzsche,101,46,562,562,56.2,0.590687096118927,0.7664656639099121,11.277054786682129,15.438190460205078,4.055339813232422,1,297,1,211,0.37544483985765126,2.0,297,0.0,0,0.0,0,0.0,0,0.0,1,6
NGSIM,Fritzsche,101,47,229,229,22.900000000000002,0.5650647282600403,0.7539620399475098,8.012167930603027,9.416147232055664,0.6948674917221069,0,-1,1,215,0.9388646288209607,2.0,229,1.1755752563476562,0,0.0,0,0.0,0,10.574743270874023,1,6
NGSIM,Fritzsche,101,48,257,257,25.700000000000003,0.49338164925575256,0.6833583116531372,6.303704738616943,7.806110382080078,0.6046686172485352,0,-1,1,137,0.5330739299610895,2.0,257,1.5179131031036377,0,0.0,0,0.0,0,9.146017074584961,0,5
NGSIM,Fritzsche,101,49,176,176,17.6,0.8944656252861023,1.0883623361587524,37.39400863647461,48.830711364746094,5.7670793533325195,0,-1,1,43,0.24431818181818182,2.0,176,1.116586685180664,0,0.0,0,0.0,0,21.64122200012207,1,6
NGSIM,Fritzsche,101,50,195,195,19.5,0.6772964000701904,0.8549971580505371,4.091248989105225,4.689046382904053,0.7275164723396301,0,-1,1,195,1.0,2.0,195,0.8129652142524719,0,0.0,0,0.0,0,2.6421656608581543,2,7
NGSIM,Fritzsche,101,51,361,361,36.1,0.3907685875892639,0.512287437915802,14.451009750366211,16.433977127075195,1.1093649864196777,0,-1,1,171,0.47368421052631576,2.0,361,1.6782526969909668,0,0.0,0,0.0,0,13.57687759399414,0,5
NGSIM,Fritzsche,101,52,218,218,21.8,0.853049099445343,1.0650314092636108,3.7742979526519775,4.271778583526611,0.6561598181724548,0,-1,1,132,0.6055045871559633,2.0,218,1.388702154159546,0,0.0,0,0.0,0,10.951189994812012,1,6
NGSIM,Fritzsche,101,53,415,415,41.5,0.8628411889076233,1.0945955514907837,9.729707717895508,11.699209213256836,1.4058372974395752,0,-1,1,155,0.37349397590361444,2.0,415,1.2293046712875366,0,0.0,0,0.0,0,8.759058952331543,2,7
NGSIM,Fritzsche,101,54,203,203,20.3,0.46311235427856445,0.5980982184410095,3.6416549682617188,4.767315864562988,0.9701186418533325,0,-1,0,0,0.0,2.0,203,2.2252731323242188,0,0.0,0,0.0,0,21.437604904174805,1,6
NGSIM,Fritzsche,101,55,457,457,45.7,0.5527883172035217,0.6593246459960938,7.2672529220581055,9.098226547241211,0.6129303574562073,0,-1,1,448,0.9803063457330415,2.0,457,0.812699556350708,0,0.0,0,0.0,0,4.391944408416748,0,5
NGSIM,Fritzsche,101,56,226,226,22.6,0.5092622637748718,0.6313973665237427,10.595132827758789,12.104817390441895,1.0239566564559937,0,-1,1,124,0.5486725663716814,2.0,226,1.5637706518173218,0,0.0,0,0.0,0,11.774574279785156,2,7
NGSIM,Fritzsche,101,57,515,515,51.5,0.4374713599681854,0.6841410994529724,10.612338066101074,11.743597984313965,3.310386896133423,1,161,1,60,0.11650485436893204,2.0,161,0.0,0,0.0,0,0.0,0,0.0,0,5
NGSIM,Fritzsche,101,58,301,301,30.1,0.7013657093048096,0.8732587099075317,1.870553731918335,2.3214356899261475,0.6472985148429871,0,-1,1,296,0.9833887043189369,2.0,301,0.8995840549468994,0,0.0,0,0.0,0,6.029470920562744,2,7
NGSIM,Fritzsche,101,59,207,207,20.700000000000003,0.7469280362129211,0.953954815864563,4.946468353271484,6.5704498291015625,1.023887038230896,0,-1,1,149,0.7198067632850241,2.0,207,1.5503398180007935,0,0.0,0,0.0,0,10.348154067993164,2,7
NGSIM,Fritzsche,101,60,217,217,21.700000000000003,0.6690579652786255,0.7950971126556396,39.13859939575195,50.2436408996582,4.523571968078613,0,-1,1,45,0.2073732718894009,2.0,217,1.4466776847839355,0,0.0,0,0.0,0,20.260318756103516,2,7
NGSIM,Fritzsche,101,61,218,218,21.8,0.6017546057701111,0.7605388760566711,36.33061218261719,47.57048797607422,4.605742454528809,0,-1,1,49,0.22477064220183487,2.0,218,1.2059465646743774,0,0.0,0,0.0,0,14.79405403137207,1,6
NGSIM,Fritzsche,101,62,431,431,43.1,0.5369956493377686,0.7383422255516052,6.840418815612793,7.508121490478516,4.399991512298584,1,151,1,151,0.3503480278422274,2.0,151,0.0,0,0.0,0,0.0,0,0.0,0,5
NGSIM,Fritzsche,101,63,508,508,50.800000000000004,0.6710852980613708,0.8734939694404602,17.532672882080078,19.177106857299805,0.8410901427268982,0,-1,1,397,0.781496062992126,2.0,508,0.42167842388153076,0,0.0,0,0.0,0,3.0479063987731934,0,5
NGSIM,Fritzsche,101,64,390,390,39.0,0.6235204339027405,0.7832141518592834,8.655241012573242,10.234067916870117,0.8163421750068665,0,-1,1,382,0.9794871794871794,2.0,390,0.09948425740003586,0,0.0,0,0.0,0,0.6672903299331665,2,7
NGSIM,Fritzsche,101,65,695,695,69.5,0.43966108560562134,0.615299642086029,9.22655963897705,10.461541175842285,2.9817590713500977,1,327,1,327,0.47050359712230216,2.0,327,0.0,0,0.0,0,0.0,0,0.0,1,6
NGSIM,Fritzsche,101,66,163,163,16.3,1.0117833614349365,1.239723563194275,41.29608917236328,51.97655487060547,6.210592269897461,0,-1,0,0,0.0,2.0,163,2.11055064201355,0,0.0,0,0.0,0,40.24958038330078,2,7
NGSIM,Fritzsche,101,67,453,453,45.300000000000004,0.7001068592071533,0.9439395070075989,9.299518585205078,10.781625747680664,1.039908528327942,0,-1,1,273,0.6026490066225165,2.0,453,0.5567271113395691,0,0.0,0,0.0,0,4.486071586608887,2,7
NGSIM,Fritzsche,101,68,611,611,61.1,0.6619898676872253,0.8445335626602173,6.578348636627197,7.84049654006958,3.2890570163726807,1,363,1,315,0.5155482815057283,2.0,363,0.0,0,0.0,0,0.0,0,0.0,2,7
NGSIM,Fritzsche,101,69,573,573,57.300000000000004,0.6963707208633423,0.9267644286155701,14.759912490844727,16.886747360229492,4.964877605438232,1,243,1,202,0.3525305410122164,2.0,243,0.0,0,0.0,0,0.0,0,0.0,1,6
NGSIM,Fritzsche,101,70,562,562,56.2,0.668559730052948,0.9054691195487976,11.903739929199219,13.32683277130127,4.080742359161377,1,297,1,211,0.37544483985765126,2.0,297,0.0,0,0.0,0,0.0,0,0.0,1,6
NGSIM,Fritzsche,101,71,383,383,38.300000000000004,0.6652072072029114,0.850244402885437,7.162444114685059,8.829095840454102,0.7156672477722168,0,-1,1,285,0.7441253263707572,2.0,383,0.3239958882331848,0,0.0,0,0.0,0,2.556243419647217,0,5
NGSIM,Fritzsche,101,72,633,633,63.300000000000004,0.5396621227264404,0.7142605185508728,6.089529514312744,6.925257682800293,1.4917747974395752,1,406,1,66,0.10426540284360189,2.0,406,0.0,0,0.0,0,0.0,0,0.0,2,7
NGSIM,Fritzsche,101,73,284,284,28.400000000000002,0.5516785383224487,0.6953033208847046,2.2628068923950195,2.7854225635528564,0.5096291303634644,0,-1,1,253,0.8908450704225352,2.0,284,1.2728582620620728,0,0.0,0,0.0,0,11.376845359802246,0,5
NGSIM,Fritzsche,101,74,614,614,61.400000000000006,0.5557720065116882,0.8211635947227478,9.96040153503418,11.646212577819824,2.134982109069824,1,419,1,350,0.5700325732899023,2.0,419,0.0,0,0.0,0,0.0,0,0.0,1,6
NGSIM,Fritzsche,101,75,650,650,65.0,0.529930591583252,0.7738044857978821,9.72935962677002,10.988255500793457,3.6888198852539062,1,159,1,21,0.03230769230769231,2.0,159,0.0,0,0.0,0,0.0,0,0.0,0,5
NGSIM,Fritzsche,101,76,271,271,27.1,0.8255795836448669,1.007792353630066,11.117136001586914,15.622343063354492,1.8325008153915405,0,-1,0,0,0.0,2.0,271,2.153804063796997,0,0.0,0,0.0,0,22.814010620117188,0,5
NGSIM,Fritzsche,101,77,358,358,35.800000000000004,0.5887238383293152,0.8064819574356079,7.437480449676514,9.36054515838623,0.7986829280853271,0,-1,1,358,1.0,2.0,358,0.6451245546340942,0,0.0,0,0.0,0,4.53414249420166,0,5
NGSIM,Fritzsche,101,78,147,147,14.700000000000001,1.0321587324142456,1.4292291402816772,37.12452697753906,50.04261016845703,7.127647399902344,0,-1,1,23,0.1564625850340136,2.0,147,1.8108103275299072,0,0.0,0,0.0,0,39.11899185180664,2,7
NGSIM,Fritzsche,101,79,181,181,18.1,0.8220490217208862,0.9804859161376953,41.115753173828125,51.89630889892578,5.685074806213379,0,-1,0,0,0.0,2.0,181,2.385214328765869,0,0.0,0,0.0,0,33.4971923828125,1,6
NGSIM,Fritzsche,101,80,410,410,41.0,0.7813510894775391,0.9532129168510437,6.42274808883667,7.62550687789917,1.024538278579712,0,-1,1,381,0.9292682926829269,2.0,410,0.9770021438598633,0,0.0,0,0.0,0,7.2099409103393555,1,6
NGSIM,Fritzsche,101,81,582,582,58.2,0.5928583741188049,0.7827898263931274,7.4544758796691895,8.572699546813965,1.0462141036987305,1,523,1,403,0.6924398625429553,2.0,523,0.0,0,0.0,0,0.0,0,0.0,1,6
NGSIM,Fritzsche,101,82,536,536,53.6,0.5696550607681274,0.6946733593940735,5.029369831085205,5.990099906921387,0.5515587329864502,0,-1,1,476,0.8880597014925373,2.0,536,0.450968861579895,0,0.0,0,0.0,0,2.888631582260132,0,5
NGSIM,Fritzsche,101,83,273,273,27.3,0.673615574836731,0.8845599889755249,10.340798377990723,11.436031341552734,1.0989681482315063,0,-1,1,219,0.8021978021978022,2.0,273,1.2399377822875977,0,0.0,0,0.0,0,8.910162925720215,1,6
NGSIM,Fritzsche,101,84,511,511,51.1,0.7982663512229919,1.035701036453247,3.5309417247772217,4.33027458190918,0.7950685620307922,0,-1,1,214,0.4187866927592955,2.0,511,1.059178352355957,0,0.0,0,0.0,0,5.9387993812561035,1,6
NGSIM,Fritzsche,101,85,146,146,14.600000000000001,0.9303557276725769,1.0498805046081543,33.0565185546875,42.71123504638672,6.046667575836182,0,-1,0,0,0.0,2.0,146,2.331313371658325,0,0.0,0,0.0,0,36.075096130371094,1,6
NGSIM,Fritzsche,101,86,332,332,33.2,0.5772431492805481,0.8376433253288269,7.3785834312438965,7.971986293792725,0.5841602087020874,0,-1,1,332,1.0,2.0,332,1.501014232635498,0,0.0,0,0.0,0,13.973973274230957,0,5
NGSIM,Fritzsche,101,87,574,574,57.400000000000006,0.4869142770767212,0.6593433618545532,12.096055030822754,13.851105690002441,2.5131051540374756,1,376,1,236,0.41114982578397213,2.0,376,0.0,0,0.0,0,0.0,0,0.0,2,7
NGSIM,Fritzsche,101,88,138,138,13.8,0.4544011354446411,0.5743815302848816,11.900897026062012,14.876280784606934,2.136457920074463,0,-1,0,0,0.0,2.0,138,3.545347213745117,0,0.0,0,0.0,0,35.97697830200195,1,6
NGSIM,Fritzsche,101,89,182,182,18.2,0.9599959254264832,1.1411635875701904,32.199859619140625,46.302085876464844,6.067296504974365,0,-1,0,0,0.0,2.0,182,2.053428888320923,0,0.0,0,0.0,0,31.67327880859375,2,7
NGSIM,Fritzsche,101,90,202,202,20.200000000000003,0.8100960850715637,1.0012277364730835,6.963410377502441,7.818109035491943,0.8070151209831238,0,-1,1,202,1.0,2.0,202,1.332167625427246,0,0.0,0,0.0,0,9.688619613647461,0,5
NGSIM,Fritzsche,101,91,205,205,20.5,0.7774099111557007,0.923543393611908,40.45014953613281,52.288978576660156,4.973357677459717,0,-1,1,22,0.1073170731707317,2.0,205,1.569077730178833,0,0.0,0,0.0,0,26.7402400970459,0,5
NGSIM,Fritzsche,101,92,142,142,14.200000000000001,0.5385252237319946,0.6345877051353455,4.187051773071289,5.001962661743164,0.5783874988555908,0,-1,1,102,0.7183098591549296,2.0,142,1.6654607057571411,0,0.0,0,0.0,0,13.639378547668457,0,5
NGSIM,Fritzsche,101,93,446,446,44.6,0.4651033580303192,0.592414379119873,4.325930595397949,5.516565799713135,0.6718584299087524,0,-1,1,281,0.6300448430493274,2.0,446,1.132662296295166,0,0.0,0,0.0,0,6.766022682189941,1,6
NGSIM,Fritzsche,101,94,198,198,19.8,0.7102254033088684,0.933571994304657,41.193153381347656,52.33341598510742,5.077381610870361,0,-1,0,0,0.0,2.0,198,2.2432312965393066,0,0.0,0,0.0,0,33.264122009277344,0,5
NGSIM,Fritzsche,101,95,137,137,13.700000000000001,0.7925264239311218,1.0042535066604614,2.949171304702759,3.3695552349090576,0.6515278220176697,0,-1,1,137,1.0,2.0,137,1.184752106666565,0,0.0,0,0.0,0,10.35814094543457,2,7
NGSIM,Fritzsche,101,96,815,815,81.5,0.5647392272949219,0.7705482244491577,12.91695499420166,15.0794095993042,4.200265884399414,1,272,1,69,0.08466257668711656,2.0,272,0.0,0,0.0,0,0.0,0,0.0,1,6
NGSIM,Fritzsche,101,97,272,272,27.200000000000003,0.5823311805725098,0.6971670389175415,12.939203262329102,14.109583854675293,0.7816960215568542,0,-1,1,252,0.9264705882352942,2.0,272,1.2636785507202148,0,0.0,0,0.0,0,11.87282657623291,1,6
NGSIM,Fritzsche,101,98,482,482,48.2,0.59176105260849,0.768702507019043,9.36792278289795,10.995985984802246,0.5959696769714355,0,-1,1,482,1.0,2.0,482,0.3755659759044647,0,0.0,0,0.0,0,3.2737488746643066,0,5
NGSIM,Fritzsche,101,99,527,527,52.7,0.5771677494049072,0.7087121605873108,10.107925415039062,11.393843650817871,0.7534248232841492,0,-1,1,429,0.8140417457305503,2.0,527,0.38382208347320557,0,0.0,0,0.0,0,2.5055768489837646,0,5
NGSIM,Fritzsche,101,100,291,291,29.1,0.7328246235847473,0.9661179184913635,10.435940742492676,12.284053802490234,1.8078036308288574,1,234,1,110,0.37800687285223367,2.0,234,0.0,0,0.0,0,0.0,0,0.0,1,6
NGSIM,Fritzsche,101,101,282,282,28.200000000000003,0.5835530161857605,0.7512046694755554,7.932854175567627,9.13548755645752,0.6769659519195557,0,-1,1,282,1.0,2.0,282,0.2496628314256668,0,0.0,0,0.0,0,1.649466872215271,0,5
NGSIM,Fritzsche,101,102,477,477,47.7,0.6239063143730164,0.8267000913619995,12.658666610717773,13.61628246307373,0.8329799175262451,0,-1,1,477,1.0,2.0,477,0.05157504230737686,0,0.0,0,0.0,0,0.42549291253089905,0,5
NGSIM,Fritzsche,101,103,292,292,29.200000000000003,0.5013220906257629,0.7045854926109314,13.937828063964844,15.848026275634766,3.3009543418884277,1,181,1,181,0.6198630136986302,2.0,181,0.0,0,0.0,0,0.0,0,0.0,0,5
NGSIM,Fritzsche,101,104,576,576,57.6,0.7497532367706299,0.9741085171699524,8.21008014678955,9.555296897888184,2.274404287338257,1,406,1,325,0.5642361111111112,2.0,406,0.0,0,0.0,0,0.0,0,0.0,0,5
NGSIM,Fritzsche,101,105,317,317,31.700000000000003,0.5868467688560486,0.7473395466804504,5.289448261260986,5.635343551635742,0.6443173289299011,0,-1,1,139,0.4384858044164038,2.0,317,1.5500906705856323,0,0.0,0,0.0,0,15.071475982666016,2,7
NGSIM,Fritzsche,101,106,549,549,54.900000000000006,0.535398006439209,0.709932804107666,10.419443130493164,11.76023006439209,3.273196220397949,1,368,1,321,0.5846994535519126,2.0,368,0.0,0,0.0,0,0.0,0,0.0,2,7
NGSIM,Fritzsche,101,107,566,566,56.6,0.6414102911949158,0.7933019995689392,12.901063919067383,16.972219467163086,2.812040090560913,1,349,1,299,0.5282685512367491,2.0,349,0.0,0,0.0,0,0.0,0,0.0,0,5
NGSIM,Fritzsche,101,108,193,193,19.3,0.7082578539848328,0.8616164326667786,4.045690059661865,4.749215126037598,0.97191321849823,0,-1,1,104,0.538860103626943,2.0,193,0.9371360540390015,0,0.0,0,0.0,0,4.905555248260498,2,7
NGSIM,Fritzsche,101,109,148,148,14.8,0.4593717157840729,0.6248443126678467,8.780860900878906,9.955649375915527,0.9882258772850037,0,-1,1,30,0.20270270270270271,2.0,148,1.7218469381332397,0,0.0,0,0.0,0,16.268413543701172,2,7
NGSIM,Fritzsche,101,110,146,146,14.600000000000001,0.4134807586669922,0.5507635474205017,1.668591022491455,1.902884840965271,0.453931987285614,0,-1,1,146,1.0,2.0,146,0.8364038467407227,0,0.0,0,0.0,0,9.237452507019043,2,7
NGSIM,Fritzsche,101,111,492,492,49.2,0.3828220069408417,0.6277367472648621,13.23954963684082,15.556568145751953,4.046279430389404,1,254,1,140,0.2845528455284553,2.0,254,0.0,0,0.0,0,0.0,0,0.0,2,7
NGSIM,Fritzsche,101,112,312,312,31.200000000000003,0.5134087204933167,0.6587831974029541,6.852250099182129,8.614398002624512,1.7379199266433716,1,191,1,111,0.3557692307692308,2.0,191,0.0,0,0.0,0,0.0,0,0.0,2,7
NGSIM,Fritzsche,101,113,650,650,65.0,0.6158240437507629,0.815168023109436,11.827425003051758,12.699458122253418,0.9949624538421631,1,477,1,384,0.5907692307692308,2.0,477,0.0,0,0.0,0,0.0,0,0.0,2,7
NGSIM,Fritzsche,101,114,222,222,22.200000000000003,0.5136908292770386,0.6462739109992981,6.849006175994873,7.727546691894531,0.6844550371170044,0,-1,1,141,0.6351351351351351,2.0,222,1.5264474153518677,0,0.0,0,0.0,0,12.819396018981934,0,5
NGSIM,Fritzsche,101,115,384,384,38.400000000000006,0.6083034873008728,0.7853872776031494,9.011905670166016,10.75344181060791,0.8390936255455017,1,351,1,159,0.4140625,2.0,351,0.0,0,0.0,0,0.0,0,0.0,0,5
NGSIM,Fritzsche,101,116,194,194,19.400000000000002,0.6436458826065063,0.7598552107810974,4.226848125457764,5.435518264770508,0.672268807888031,0,-1,1,86,0.44329896907216493,2.0,194,1.5019173622131348,0,0.0,0,0.0,0,5.019533157348633,0,5
NGSIM,Fritzsche,101,117,264,264,26.400000000000002,0.6777932047843933,0.9706178307533264,2.6775400638580322,3.7016007900238037,0.630793571472168,0,-1,1,210,0.7954545454545454,2.0,264,1.1341482400894165,0,0.0,0,0.0,0,6.504215240478516,2,7
NGSIM,Fritzsche,101,118,601,601,60.1,0.7744985818862915,1.059983253479004,14.707379341125488,17.01494789123535,5.059361934661865,1,141,1,62,0.10316139767054909,2.0,141,0.0,0,0.0,0,0.0,0,0.0,0,5
NGSIM,Fritzsche,101,119,257,257,25.700000000000003,0.49855437874794006,0.6631239056587219,24.98845100402832,36.515846252441406,3.3077967166900635,0,-1,1,64,0.2490272373540856,2.0,257,1.482949137687683,0,0.0,0,0.0,0,12.608797073364258,1,6
NGSIM,Fritzsche,101,120,258,258,25.8,0.5840082168579102,0.7138926386833191,5.256531715393066,6.133758544921875,0.8869364857673645,0,-1,1,258,1.0,2.0,258,0.8347943425178528,0,0.0,0,0.0,0,5.674556255340576,0,5
NGSIM,Fritzsche,101,121,313,313,31.3,1.0227992534637451,1.3202730417251587,2.704998016357422,3.3376352787017822,0.8839794993400574,0,-1,1,186,0.5942492012779552,2.0,313,1.3297027349472046,0,0.0,0,0.0,0,11.380518913269043,1,6
NGSIM,Fritzsche,101,122,132,132,13.200000000000001,1.539066195487976,1.9780690670013428,58.40422821044922,72.80506134033203,10.428258895874023,0,-1,1,3,0.022727272727272728,2.0,132,1.9180728197097778,0,0.0,0,0.0,0,44.33487319946289,2,7
NGSIM,Fritzsche,101,123,271,271,27.1,0.5659281611442566,0.7717688083648682,8.1035795211792,13.831354141235352,1.5723806619644165,0,-1,1,7,0.025830258302583026,2.0,271,1.9854152202606201,0,0.0,0,0.0,0,20.70351219177246,1,6
NGSIM,Fritzsche,101,124,585,585,58.5,0.39261168241500854,0.5389888882637024,10.076655387878418,10.567712783813477,3.559732675552368,1,246,1,202,0.3452991452991453,2.0,246,0.0,0,0.0,0,0.0,0,0.0,2,7
NGSIM,Fritzsche,101,125,323,323,32.300000000000004,0.43167349696159363,0.5404569506645203,14.005989074707031,15.324978828430176,0.9014616012573242,0,-1,1,273,0.8452012383900929,2.0,323,0.5866183638572693,0,0.0,0,0.0,0,4.464004039764404,0,5
NGSIM,Fritzsche,101,126,212,212,21.200000000000003,0.3591500520706177,0.46611782908439636,0.9814810752868652,1.3766930103302002,0.3899211585521698,0,-1,1,212,1.0,2.0,212,1.2461329698562622,0,0.0,0,0.0,0,12.916101455688477,2,7
NGSIM,Fritzsche,101,127,454,454,45.400000000000006,0.6253971457481384,0.7776435613632202,6.053002834320068,7.306149482727051,0.5665963888168335,0,-1,1,413,0.9096916299559471,2.0,454,0.229972243309021,0,0.0,0,0.0,0,1.7743027210235596,0,5
NGSIM,Fritzsche,101,128,186,186,18.6,1.0407404899597168,1.2035776376724243,24.39884376525879,34.0771369934082,4.709655284881592,0,-1,1,31,0.16666666666666666,2.0,186,1.91819167137146,0,0.0,0,0.0,0,33.87423324584961,1,6
NGSIM,Fritzsche,101,129,164,164,16.400000000000002,0.9173714518547058,1.0955666303634644,23.598371505737305,33.18962860107422,4.866553783416748,0,-1,1,4,0.024390243902439025,2.0,164,1.9966975450515747,0,0.0,0,0.0,0,39.071109771728516,1,6
NGSIM,Fritzsche,101,130,691,691,69.10000000000001,0.4915114641189575,0.7160022854804993,10.331805229187012,12.285699844360352,3.3390657901763916,1,237,1,21,0.030390738060781478,2.0,237,0.0,0,0.0,0,0.0,0,0.0,2,7
NGSIM,Fritzsche,101,131,461,461,46.1,0.5847152471542358,0.8200189471244812,5.073929786682129,5.769669055938721,0.7149530053138733,0,-1,1,461,1.0,2.0,461,0.6753072142601013,0,0.0,0,0.0,0,4.267795085906982,0,5
NGSIM,Fritzsche,101,132,298,298,29.8,0.599936306476593,0.8058670163154602,3.6709485054016113,4.644680500030518,0.6235471963882446,0,-1,1,298,1.0,2.0,298,1.2922890186309814,0,0.0,0,0.0,0,9.233779907226562,1,6
NGSIM,Fritzsche,101,133,661,661,66.10000000000001,0.47779637575149536,0.6473073959350586,25.21401596069336,29.755556106567383,1.2375025749206543,0,-1,1,169,0.2556732223903177,2.0,661,0.09512882679700851,0,0.0,0,0.0,0,0.864253044128418,1,6
NGSIM,Fritzsche,101,134,696,696,69.60000000000001,0.3880084156990051,0.5969603657722473,6.832106113433838,7.854750156402588,3.2669260501861572,1,251,1,21,0.03017241379310345,2.0,251,0.0,0,0.0,0,0.0,0,0.0,2,7
NGSIM,Fritzsche,101,135,216,216,21.6,0.49335217475891113,0.6206476092338562,16.943815231323242,20.748201370239258,1.856452465057373,0,-1,1,142,0.6574074074074074,2.0,216,1.498521327972412,0,0.0,0,0.0,0,14.998920440673828,2,7
NGSIM,Fritzsche,101,136,272,272,27.200000000000003,0.8158561587333679,1.0927653312683105,10.24181842803955,11.193988800048828,1.1883071660995483,1,202,1,199,0.7316176470588235,2.0,202,0.0,0,0.0,0,0.0,0,0.0,2,7
NGSIM,Fritzsche,101,137,345,345,34.5,0.7773664593696594,1.0405336618423462,1.8851920366287231,2.458916664123535,0.803128182888031,0,-1,1,321,0.9304347826086956,2.0,345,1.578364372253418,0,0.0,0,0.0,0,9.164916038513184,2,7
NGSIM,Fritzsche,101,138,208,208,20.8,0.707176148891449,0.8744152188301086,28.045635223388672,38.938087463378906,4.151315212249756,0,-1,1,53,0.2548076923076923,2.0,208,1.6007000207901,0,0.0,0,0.0,0,24.083845138549805,1,6
NGSIM,Fritzsche,101,139,270,270,27.0,0.5636574625968933,0.755187451839447,17.612018585205078,23.395980834960938,1.9626888036727905,0,-1,1,93,0.34444444444444444,2.0,270,1.02392578125,0,0.0,0,0.0,0,12.197419166564941,2,7
NGSIM,Fritzsche,101,140,375,375,37.5,0.8171516060829163,1.1547819375991821,10.135542869567871,13.803799629211426,2.047506809234619,0,-1,1,59,0.15733333333333333,2.0,375,1.7007536888122559,0,0.0,0,0.0,0,13.482802391052246,1,6
NGSIM,Fritzsche,101,141,261,261,26.1,0.880854070186615,1.1615761518478394,14.418808937072754,17.09602165222168,1.3650864362716675,0,-1,1,261,1.0,2.0,261,1.1284804344177246,0,0.0,0,0.0,0,9.177913665771484,1,6
NGSIM,Fritzsche,101,142,171,171,17.1,0.678550124168396,0.8267724514007568,29.314855575561523,39.045433044433594,4.663661956787109,0,-1,0,0,0.0,2.0,171,5.082688331604004,0,0.0,0,0.0,0,75.32965850830078,1,6
NGSIM,Fritzsche,101,143,212,212,21.200000000000003,0.8046461939811707,0.9649073481559753,35.666542053222656,46.16453552246094,3.9784207344055176,0,-1,1,41,0.19339622641509435,2.0,212,1.5784589052200317,0,0.0,0,0.0,0,25.290334701538086,0,5
NGSIM,Fritzsche,101,144,256,256,25.6,0.8706517219543457,1.0556600093841553,12.860495567321777,19.302522659301758,2.776853561401367,0,-1,1,120,0.46875,2.0,256,1.4703172445297241,0,0.0,0,0.0,0,14.96898078918457,0,5
NGSIM,Fritzsche,101,145,550,550,55.0,0.5126523971557617,0.6672152876853943,7.968780040740967,8.839524269104004,0.9235866665840149,1,514,1,418,0.76,2.0,514,0.0,0,0.0,0,0.0,0,0.0,2,7
NGSIM,Fritzsche,101,146,471,471,47.1,0.575768768787384,0.7130813598632812,4.557093620300293,5.336334705352783,0.549820601940155,0,-1,1,401,0.851380042462845,2.0,471,0.8734803795814514,0,0.0,0,0.0,0,7.088804721832275,2,7
NGSIM,Fritzsche,101,147,248,248,24.8,0.4922984838485718,0.7007348537445068,21.810054779052734,26.40598487854004,1.891188144683838,0,-1,1,237,0.9556451612903226,2.0,248,1.4779837131500244,0,0.0,0,0.0,0,10.843178749084473,2,7
NGSIM,Fritzsche,101,148,149,149,14.9,0.3471468687057495,0.4810793101787567,3.8894448280334473,4.785732269287109,0.7287557721138,0,-1,0,0,0.0,2.0,149,2.3679563999176025,0,0.0,0,0.0,0,19.29392433166504,0,5
NGSIM,Fritzsche,101,149,627,627,62.7,0.6024168729782104,0.7737178206443787,13.6857271194458,15.207756996154785,2.5684516429901123,1,425,1,276,0.44019138755980863,2.0,425,0.0,0,0.0,0,0.0,0,0.0,2,7
NGSIM,Fritzsche,101,150,237,237,23.700000000000003,0.4948180615901947,0.6701897382736206,23.711063385009766,27.796884536743164,1.7353003025054932,0,-1,1,237,1.0,2.0,237,1.3609930276870728,0,0.0,0,0.0,0,12.46645736694336,0,5
NGSIM,Fritzsche,101,151,179,179,17.900000000000002,0.931767463684082,1.1106587648391724,24.020490646362305,33.25438690185547,4.3674516677856445,0,-1,0,0,0.0,2.0,179,3.6017022132873535,0,0.0,0,0.0,0,54.04832077026367,2,7
NGSIM,Fritzsche,101,152,296,296,29.6,0.4483063817024231,0.609866201877594,6.130612850189209,6.6210713386535645,0.5037616491317749,0,-1,1,261,0.8817567567567568,2.0,296,1.05117928981781,0,0.0,0,0.0,0,8.20873737335205,0,5
NGSIM,Fritzsche,101,153,195,195,19.5,0.970662534236908,1.2209336757659912,3.7547454833984375,4.932997703552246,1.4109175205230713,0,-1,0,0,0.0,2.0,195,3.2316834926605225,0,0.0,0,0.0,0,9.813727378845215,2,7
NGSIM,Fritzsche,101,154,159,159,15.9,0.685982882976532,0.9311483502388,30.826915740966797,38.293033599853516,4.582699775695801,0,-1,0,0,0.0,2.0,159,3.1691300868988037,0,0.0,0,0.0,0,75.77163696289062,2,7
NGSIM,Fritzsche,101,155,537,537,53.7,0.4932241439819336,0.6896113157272339,10.66576862335205,11.17222785949707,0.6643854975700378,0,-1,1,410,0.7635009310986964,2.0,537,0.023654459044337273,0,0.0,0,0.0,0,0.17063909769058228,1,6
NGSIM,Fritzsche,101,156,305,305,30.5,0.49069729447364807,0.6600965261459351,1.7838420867919922,2.3191654682159424,0.474065363407135,0,-1,1,305,1.0,2.0,305,0.7622352242469788,0,0.0,0,0.0,0,6.080504894256592,0,5
NGSIM,Fritzsche,101,157,178,178,17.8,0.5184354186058044,0.6560872197151184,2.6519949436187744,3.2807772159576416,0.778883695602417,0,-1,0,0,0.0,2.0,178,2.249345541000366,0,0.0,0,0.0,0,14.271042823791504,2,7
NGSIM,Fritzsche,101,158,167,167,16.7,0.7275182008743286,0.8634962439537048,22.473663330078125,29.972070693969727,3.8655574321746826,0,-1,0,0,0.0,2.0,167,2.8310091495513916,0,0.0,0,0.0,0,46.2409553527832,0,5
NGSIM,Fritzsche,101,159,271,271,27.1,0.5329790115356445,0.674053430557251,9.458771705627441,12.905735969543457,1.0643433332443237,0,-1,1,253,0.933579335793358,2.0,271,1.185479760169983,0,0.0,0,0.0,0,10.611835479736328,2,7
NGSIM,Fritzsche,101,160,612,612,61.2,0.4810401201248169,0.7035424113273621,7.13252067565918,8.300623893737793,1.7306761741638184,1,327,1,220,0.35947712418300654,2.0,327,0.0,0,0.0,0,0.0,0,0.0,1,6
NGSIM,Fritzsche,101,161,532,532,53.2,0.664394199848175,0.8378826379776001,5.181098461151123,6.532053470611572,0.7395216822624207,0,-1,1,479,0.900375939849624,2.0,532,1.0139250755310059,0,0.0,0,0.0,0,5.6359333992004395,2,7
NGSIM,Fritzsche,101,162,633,633,63.300000000000004,0.46834006905555725,0.6573098301887512,12.615487098693848,17.313716888427734,2.938926935195923,1,330,1,147,0.23222748815165878,2.0,330,0.0,0,0.0,0,0.0,0,0.0,1,6
NGSIM,Fritzsche,101,163,186,186,18.6,0.6535736918449402,0.8333212733268738,1.235255241394043,1.6900631189346313,0.58016037940979,0,-1,1,186,1.0,2.0,186,1.1880671977996826,0,0.0,0,0.0,0,9.401094436645508,1,6
NGSIM,Fritzsche,101,164,258,258,25.8,0.4676274061203003,0.6655392050743103,22.858165740966797,29.421701431274414,2.3170979022979736,0,-1,1,23,0.08914728682170543,2.0,258,1.66578209400177,0,0.0,0,0.0,0,17.860042572021484,1,6
NGSIM,Fritzsche,101,165,380,380,38.0,0.569814145565033,0.7321974635124207,7.914830684661865,8.924829483032227,0.9713062644004822,0,-1,1,212,0.5578947368421052,2.0,380,1.2760177850723267,0,0.0,0,0.0,0,10.465399742126465,1,6
NGSIM,Fritzsche,101,166,483,483,48.300000000000004,0.590823233127594,0.836154043674469,5.205153465270996,5.700831413269043,0.5851584672927856,0,-1,1,483,1.0,2.0,483,0.5020886063575745,0,0.0,0,0.0,0,3.717592716217041,2,7
NGSIM,Fritzsche,101,167,622,622,62.2,0.6054084897041321,0.8082045316696167,4.780060291290283,6.357120037078857,1.9698984622955322,1,443,1,385,0.6189710610932476,2.0,443,0.0,0,0.0,0,0.0,0,0.0,0,5
NGSIM,Fritzsche,101,168,496,496,49.6,0.56318598985672,0.7469463348388672,16.352062225341797,21.0720157623291,3.461517810821533,1,346,1,137,0.2762096774193548,2.0,346,0.0,0,0.0,0,0.0,0,0.0,0,5
NGSIM,Fritzsche,101,169,516,516,51.6,0.45545193552970886,0.6819175481796265,9.919353485107422,11.197376251220703,1.9706764221191406,1,394,1,394,0.7635658914728682,2.0,394,0.0,0,0.0,0,0.0,0,0.0,2,7
NGSIM,Fritzsche,101,170,321,321,32.1,0.6487502455711365,0.8178605437278748,13.701803207397461,16.334447860717773,0.983927309513092,0,-1,1,211,0.6573208722741433,2.0,321,1.5564261674880981,0,0.0,0,0.0,0,13.873644828796387,2,7
NGSIM,Fritzsche,101,171,641,641,64.10000000000001,0.6187411546707153,0.7759915590286255,6.5400800704956055,7.600358963012695,2.0447115898132324,1,335,1,310,0.4836193447737909,2.0,335,0.0,0,0.0,0,0.0,0,0.0,0,5
NGSIM,Fritzsche,101,172,218,218,21.8,0.63822340965271,0.8331267833709717,2.9889976978302,4.228945255279541,0.7345772981643677,0,-1,1,178,0.8165137614678899,2.0,218,1.5030783414840698,0,0.0,0,0.0,0,13.250816345214844,0,5
NGSIM,Fritzsche,101,173,533,533,53.300000000000004,0.5965712666511536,0.7797263264656067,8.228228569030762,8.995375633239746,0.6025402545928955,0,-1,1,422,0.7917448405253283,2.0,533,0.33083808422088623,0,0.0,0,0.0,0,2.629322052001953,1,6
NGSIM,Fritzsche,101,174,637,637,63.7,0.6080031394958496,0.8242034316062927,10.345362663269043,11.070114135742188,1.0248641967773438,1,463,1,348,0.5463108320251178,2.0,463,0.0,0,0.0,0,0.0,0,0.0,0,5
NGSIM,Fritzsche,101,175,207,207,20.700000000000003,0.746043860912323,0.9927636384963989,36.90331268310547,45.242889404296875,3.996023178100586,0,-1,1,7,0.033816425120772944,2.0,207,1.9101065397262573,0,0.0,0,0.0,0,34.30878829956055,0,5
NGSIM,Fritzsche,101,176,245,245,24.5,0.5650044083595276,0.7150624394416809,3.79610013961792,5.412981033325195,0.5957210063934326,0,-1,1,215,0.8775510204081632,2.0,245,1.4486730098724365,0,0.0,0,0.0,0,12.894695281982422,2,7
NGSIM,Fritzsche,101,177,472,472,47.2,0.42767152190208435,0.5707504749298096,10.831930160522461,12.621885299682617,2.5726282596588135,1,308,1,235,0.4978813559322034,2.0,308,0.0,0,0.0,0,0.0,0,0.0,1,6
NGSIM,Fritzsche,101,178,424,424,42.400000000000006,0.7064706087112427,0.8606117963790894,3.020890474319458,3.814239501953125,0.890453040599823,0,-1,1,391,0.9221698113207547,2.0,424,1.2173469066619873,0,0.0,0,0.0,0,6.529658317565918,0,5
NGSIM,Fritzsche,101,179,201,201,20.1,0.8298206925392151,1.0305770635604858,41.29481887817383,51.2065544128418,4.518353462219238,0,-1,0,0,0.0,2.0,201,2.2224228382110596,0,0.0,0,0.0,0,36.205230712890625,2,7
NGSIM,Fritzsche,101,180,460,460,46.0,0.6850098371505737,0.9260458946228027,2.790804862976074,4.392711639404297,0.8509746193885803,0,-1,1,457,0.9934782608695653,2.0,460,0.57637619972229,0,0.0,0,0.0,0,3.3621826171875,2,7
NGSIM,Fritzsche,101,181,270,270,27.0,0.6218463182449341,0.9138690233230591,12.944762229919434,19.1489200592041,1.6305421590805054,0,-1,0,0,0.0,2.0,270,2.242921829223633,0,0.0,0,0.0,0,24.675159454345703,0,5
NGSIM,Fritzsche,101,182,583,583,58.300000000000004,0.5221828818321228,0.7090873718261719,9.462154388427734,10.847247123718262,1.4757081270217896,1,512,1,385,0.660377358490566,2.0,512,0.0,0,0.0,0,0.0,0,0.0,1,6
NGSIM,Fritzsche,101,183,344,344,34.4,0.6242473721504211,0.7572076320648193,6.474091053009033,7.752661228179932,0.6095235347747803,0,-1,1,344,1.0,2.0,344,1.359462022781372,0,0.0,0,0.0,0,7.835600852966309,2,7
NGSIM,Fritzsche,101,184,601,601,60.1,0.6818035840988159,0.8714385628700256,6.090017318725586,6.95349645614624,1.0536930561065674,1,511,1,466,0.7753743760399334,2.0,511,0.0,0,0.0,0,0.0,0,0.0,0,5
NGSIM,Fritzsche,101,185,242,242,24.200000000000003,0.4583679139614105,0.6402083039283752,23.379291534423828,34.10625076293945,3.2567903995513916,0,-1,0,0,0.0,2.0,242,2.200528383255005,0,0.0,0,0.0,0,24.65477180480957,1,6
NGSIM,Fritzsche,101,186,233,233,23.3,0.530913233757019,0.6305870413780212,2.069995403289795,2.494894504547119,0.5469226837158203,0,-1,1,233,1.0,2.0,233,0.6075249314308167,0,0.0,0,0.0,0,2.0889081954956055,0,5
NGSIM,Fritzsche,101,187,207,207,20.700000000000003,0.6850128173828125,0.882178544998169,35.29902267456055,45.40201950073242,3.9027774333953857,0,-1,1,43,0.20772946859903382,2.0,207,1.3991669416427612,0,0.0,0,0.0,0,22.4818058013916,2,7
NGSIM,Fritzsche,101,188,344,344,34.4,0.6800618171691895,0.9177349209785461,11.877686500549316,13.784370422363281,2.4397530555725098,1,142,1,100,0.29069767441860467,2.0,142,0.0,0,0.0,0,0.0,0,0.0,1,6
NGSIM,Fritzsche,101,189,217,217,21.700000000000003,0.4399856626987457,0.5725225210189819,3.3286492824554443,4.431931495666504,0.6822089552879333,0,-1,1,209,0.9631336405529954,2.0,217,1.2355397939682007,0,0.0,0,0.0,0,9.837825775146484,1,6
NGSIM,Fritzsche,101,190,540,540,54.0,0.5910715460777283,0.7792658805847168,11.058799743652344,12.761551856994629,1.7566664218902588,1,396,1,229,0.42407407407407405,2.0,396,0.0,0,0.0,0,0.0,0,0.0,2,7
NGSIM,Fritzsche,101,191,483,483,48.300000000000004,0.5669717192649841,0.7692264318466187,8.000256538391113,9.155131340026855,0.7563799023628235,0,-1,1,483,1.0,2.0,483,0.14608418941497803,0,0.0,0,0.0,0,0.86142897605896,1,6
NGSIM,Fritzsche,101,192,467,467,46.7,0.6446157693862915,0.8560072779655457,28.092565536499023,30.53399085998535,1.035530924797058,0,-1,1,209,0.4475374732334047,2.0,467,1.4874229431152344,0,0.0,0,0.0,0,12.635929107666016,1,6
NGSIM,Fritzsche,101,193,191,191,19.1,0.5502893328666687,0.7672771215438843,8.192715644836426,9.197626113891602,0.910375714302063,0,-1,1,169,0.8848167539267016,2.0,191,1.3346256017684937,0,0.0,0,0.0,0,10.860567092895508,0,5
NGSIM,Fritzsche,101,194,463,463,46.300000000000004,0.5922983884811401,0.73417729139328,11.789310455322266,12.761876106262207,1.0867879390716553,1,441,1,441,0.9524838012958964,2.0,441,0.0,0,0.0,0,0.0,0,0.0,2,7
NGSIM,Fritzsche,101,195,257,257,25.700000000000003,0.5616019368171692,0.7371746301651001,1.483618140220642,1.7958451509475708,0.5524910688400269,0,-1,1,155,0.603112840466926,2.0,257,1.6998215913772583,0,0.0,0,0.0,0,14.354196548461914,2,7
NGSIM,Fritzsche,101,196,531,531,53.1,0.51248699426651,0.6504856944084167,9.669943809509277,11.820406913757324,0.7115721702575684,0,-1,1,318,0.5988700564971752,2.0,531,0.6319382190704346,0,0.0,0,0.0,0,5.406691074371338,1,6
NGSIM,Fritzsche,101,197,276,276,27.6,0.5919604301452637,0.7112289071083069,2.7842235565185547,3.477146625518799,0.5509763360023499,0,-1,1,208,0.7536231884057971,2.0,276,1.1847059726715088,0,0.0,0,0.0,0,11.012764930725098,0,5
NGSIM,Fritzsche,101,198,522,522,52.2,0.7375293374061584,0.9056044816970825,9.246337890625,9.787866592407227,0.856686532497406,0,-1,1,451,0.8639846743295019,2.0,522,0.308224618434906,0,0.0,0,0.0,0,2.1552696228027344,1,6
NGSIM,Fritzsche,101,199,494,494,49.400000000000006,0.503332793712616,0.6319729685783386,4.6009955406188965,5.473074436187744,0.5578988194465637,0,-1,1,363,0.7348178137651822,2.0,494,1.1454147100448608,0,0.0,0,0.0,0,7.048549175262451,0,5
NGSIM,Fritzsche,101,200,588,588,58.800000000000004,0.4181177616119385,0.5452937483787537,8.88137149810791,9.866538047790527,3.4446675777435303,1,326,1,269,0.4574829931972789,2.0,326,0.0,0,0.0,0,0.0,0,0.0,2,7
NGSIM,Fritzsche,101,201,601,601,60.1,0.7169988751411438,0.9316048622131348,5.409324645996094,7.151046276092529,0.737395703792572,0,-1,1,386,0.6422628951747088,2.0,601,0.22699567675590515,0,0.0,0,0.0,0,1.4813272953033447,2,7
NGSIM,Fritzsche,101,202,271,271,27.1,0.7813077569007874,0.9872569441795349,8.929498672485352,10.790750503540039,0.9347448945045471,0,-1,1,164,0.6051660516605166,2.0,271,0.8163931965827942,0,0.0,0,0.0,0,6.240602970123291,0,5
NGSIM,Fritzsche,101,203,459,459,45.900000000000006,0.7831010818481445,1.070318341255188,11.288228034973145,12.14559555053711,0.9917733669281006,0,-1,1,375,0.8169934640522876,2.0,459,0.5705097913742065,0,0.0,0,0.0,0,3.9969260692596436,1,6
NGSIM,Fritzsche,101,204,264,264,26.400000000000002,0.5714597105979919,0.720774233341217,5.766345024108887,6.643650531768799,1.0349124670028687,0,-1,1,161,0.6098484848484849,2.0,264,0.8105658888816833,0,0.0,0,0.0,0,6.479710102081299,0,5
NGSIM,Fritzsche,101,205,216,216,21.6,0.4106752574443817,0.5568256974220276,16.531173706054688,18.79450035095215,1.3306058645248413,0,-1,1,39,0.18055555555555555,2.0,216,1.8680267333984375,0,0.0,0,0.0,0,17.92673683166504,0,5
NGSIM,Fritzsche,101,206,497,497,49.7,0.712247371673584,0.9336718320846558,5.0361552238464355,5.706058979034424,0.9036580920219421,0,-1,1,269,0.5412474849094567,2.0,497,0.34863755106925964,0,0.0,0,0.0,0,2.5672779083251953,1,6
NGSIM,Fritzsche,101,207,151,151,15.100000000000001,0.7947521209716797,1.0638480186462402,40.3100471496582,50.843116760253906,6.668215751647949,0,-1,0,0,0.0,2.0,151,3.277747631072998,0,0.0,0,0.0,0,63.5981559753418,0,5
NGSIM,Fritzsche,101,208,420,420,42.0,0.5753191113471985,0.7491768598556519,9.054841995239258,10.876365661621094,0.8100031018257141,0,-1,1,330,0.7857142857142857,2.0,420,0.664396345615387,0,0.0,0,0.0,0,5.7115325927734375,1,6
NGSIM,Fritzsche,101,209,232,232,23.200000000000003,0.544033944606781,0.6482692360877991,6.4009294509887695,7.107044696807861,1.0535660982131958,0,-1,1,163,0.7025862068965517,2.0,232,1.2691125869750977,0,0.0,0,0.0,0,8.259403228759766,1,6
NGSIM,Fritzsche,101,210,456,456,45.6,0.6066920757293701,0.8171908855438232,12.329771041870117,13.514908790588379,0.6916940212249756,0,-1,1,358,0.7850877192982456,2.0,456,0.9933903813362122,0,0.0,0,0.0,0,6.068349838256836,1,6
NGSIM,Fritzsche,101,211,448,448,44.800000000000004,0.4578593671321869,0.631489098072052,9.173903465270996,10.867454528808594,0.6119037866592407,0,-1,1,300,0.6696428571428571,2.0,448,1.132401704788208,0,0.0,0,0.0,0,9.54755973815918,2,7
NGSIM,Fritzsche,101,212,400,400,40.0,0.8253433108329773,1.0792115926742554,9.62734317779541,10.793069839477539,0.7730291485786438,0,-1,1,296,0.74,2.0,400,0.18595543503761292,0,0.0,0,0.0,0,1.0257500410079956,2,7
NGSIM,Fritzsche,101,213,317,317,31.700000000000003,0.7671358585357666,1.0618829727172852,13.636443138122559,14.762578964233398,1.242418885231018,0,-1,1,281,0.886435331230284,2.0,317,1.4215601682662964,0,0.0,0,0.0,0,11.313272476196289,0,5
NGSIM,Fritzsche,101,214,136,136,13.600000000000001,1.3543767929077148,1.6278456449508667,51.71384811401367,66.60987854003906,9.891013145446777,0,-1,1,17,0.125,2.0,136,1.493072271347046,0,0.0,0,0.0,0,32.82154083251953,0,5
NGSIM,Fritzsche,101,215,255,255,25.5,0.4489716589450836,0.5910226702690125,9.056560516357422,10.244625091552734,0.7601152658462524,0,-1,1,255,1.0,2.0,255,0.4945735037326813,0,0.0,0,0.0,0,3.973480701446533,0,5
NGSIM,Fritzsche,101,216,497,497,49.7,0.616213321685791,0.7879071235656738,8.93074893951416,9.33043384552002,0.6406319737434387,0,-1,1,455,0.9154929577464789,2.0,497,0.6638096570968628,0,0.0,0,0.0,0,4.633913040161133,2,7
NGSIM,Fritzsche,101,217,250,250,25.0,0.6358910799026489,0.792037844657898,17.995573043823242,24.78036117553711,2.724018096923828,0,-1,1,15,0.06,2.0,250,1.9980443716049194,0,0.0,0,0.0,0,25.238597869873047,1,6
NGSIM,Fritzsche,101,218,375,375,37.5,0.6633376479148865,0.8409323692321777,3.8142952919006348,4.3706746101379395,0.632668673992157,0,-1,1,320,0.8533333333333334,2.0,375,1.3278326988220215,0,0.0,0,0.0,0,10.805907249450684,0,5
NGSIM,Fritzsche,101,219,184,184,18.400000000000002,0.4437243938446045,0.5596696138381958,1.2535489797592163,1.6573724746704102,0.37312623858451843,0,-1,0,0,0.0,2.0,184,3.5164098739624023,0,0.0,0,0.0,0,35.75411605834961,0,5
NGSIM,Fritzsche,101,220,271,271,27.1,0.6821432709693909,0.8702062964439392,11.647422790527344,17.128671646118164,1.7591173648834229,0,-1,1,126,0.46494464944649444,2.0,271,1.4534361362457275,0,0.0,0,0.0,0,16.431201934814453,1,6
NGSIM,Fritzsche,101,221,270,270,27.0,0.7947360277175903,0.97282475233078,2.422147274017334,2.90956711769104,0.8778184056282043,0,-1,1,166,0.6148148148148148,2.0,270,1.3243260383605957,0,0.0,0,0.0,0,9.259939193725586,1,6
NGSIM,Fritzsche,101,222,595,595,59.5,0.6566981077194214,0.8468414545059204,7.040255069732666,8.462292671203613,0.8635829091072083,1,510,1,510,0.8571428571428571,2.0,510,0.0,0,0.0,0,0.0,0,0.0,1,6
NGSIM,Fritzsche,101,223,364,364,36.4,0.619101345539093,0.7875434160232544,12.055461883544922,14.759237289428711,1.0593817234039307,0,-1,1,262,0.7197802197802198,2.0,364,0.6768909096717834,0,0.0,0,0.0,0,5.457549095153809,1,6
NGSIM,Fritzsche,101,224,203,203,20.3,0.8546777963638306,1.0109881162643433,29.13998794555664,40.689361572265625,4.097733020782471,0,-1,1,54,0.2660098522167488,2.0,203,1.540513277053833,0,0.0,0,0.0,0,24.52925682067871,1,6
NGSIM,Fritzsche,101,225,326,326,32.6,0.6011034250259399,0.8290984630584717,5.812910556793213,7.3463134765625,0.6901670694351196,1,309,1,188,0.5766871165644172,2.0,309,0.0,0,0.0,0,0.0,0,0.0,1,6
NGSIM,Fritzsche,101,226,176,176,17.6,1.0257912874221802,1.149288535118103,40.04954147338867,50.08382797241211,5.422776699066162,0,-1,1,7,0.03977272727272727,2.0,176,1.8741083145141602,0,0.0,0,0.0,0,32.77317428588867,0,5
NGSIM,Fritzsche,101,227,360,360,36.0,0.6206403970718384,0.7896543741226196,7.136037349700928,8.233216285705566,0.6157335638999939,0,-1,1,352,0.9777777777777777,2.0,360,1.315281629562378,0,0.0,0,0.0,0,12.366620063781738,1,6
NGSIM,Fritzsche,101,228,287,287,28.700000000000003,0.3632928431034088,0.48580965399742126,14.883819580078125,16.957637786865234,0.9379215836524963,0,-1,1,45,0.156794425087108,2.0,287,1.6474090814590454,0,0.0,0,0.0,0,11.116202354431152,2,7
NGSIM,Fritzsche,101,229,794,794,79.4,0.7577755451202393,1.0504635572433472,9.130929946899414,10.397956848144531,2.4076013565063477,1,360,1,324,0.4080604534005038,2.0,360,0.0,0,0.0,0,0.0,0,0.0,2,7
NGSIM,Fritzsche,101,230,369,369,36.9,0.6225433349609375,0.820912778377533,11.08902645111084,13.030169486999512,1.096994400024414,0,-1,1,261,0.7073170731707317,2.0,369,0.8719030618667603,0,0.0,0,0.0,0,6.591308116912842,2,7
NGSIM,Fritzsche,101,231,623,623,62.300000000000004,0.6201673746109009,0.8458805680274963,5.833737850189209,6.602069854736328,3.377932071685791,1,332,1,332,0.5329052969502408,2.0,332,0.0,0,0.0,0,0.0,0,0.0,1,6
NGSIM,Fritzsche,101,232,269,269,26.900000000000002,0.6430835127830505,0.8415233492851257,4.548492431640625,5.799442291259766,1.0541044473648071,0,-1,1,5,0.01858736059479554,2.0,269,1.9977600574493408,0,0.0,0,0.0,0,12.735858917236328,2,7
NGSIM,Fritzsche,101,233,475,475,47.5,0.3889726400375366,0.5393664836883545,4.716192245483398,5.177967548370361,0.36633676290512085,0,-1,1,475,1.0,2.0,475,0.743669331073761,0,0.0,0,0.0,0,3.338864803314209,0,5
NGSIM,Fritzsche,101,234,266,266,26.6,0.8572337627410889,1.2011202573776245,1.6865562200546265,2.0269241333007812,0.9636681079864502,0,-1,1,222,0.8345864661654135,2.0,266,0.9493029117584229,0,0.0,0,0.0,0,6.532071113586426,2,7
NGSIM,Fritzsche,101,235,294,294,29.400000000000002,0.6698752045631409,0.8332487940788269,7.08784818649292,7.8312602043151855,0.9002507925033569,0,-1,1,257,0.8741496598639455,2.0,294,1.0582029819488525,0,0.0,0,0.0,0,6.820094108581543,2,7
NGSIM,Fritzsche,101,236,227,227,22.700000000000003,0.7084811925888062,0.8621323704719543,34.42975997924805,41.924678802490234,3.141435384750366,0,-1,1,13,0.05726872246696035,2.0,227,1.8812235593795776,0,0.0,0,0.0,0,30.188308715820312,0,5
NGSIM,Fritzsche,101,237,477,477,47.7,0.4402950704097748,0.6120665669441223,4.174474716186523,5.560917854309082,0.7426208257675171,0,-1,1,420,0.8805031446540881,2.0,477,0.3635656237602234,0,0.0,0,0.0,0,2.5560319423675537,1,6
NGSIM,Fritzsche,101,238,185,185,18.5,0.5384910106658936,0.7225648164749146,2.288755178451538,2.6458983421325684,0.6409826874732971,0,-1,0,0,0.0,2.0,185,2.494211435317993,0,0.0,0,0.0,0,25.79067611694336,2,7
NGSIM,Fritzsche,101,239,503,503,50.300000000000004,0.7455480098724365,0.9878154397010803,16.101205825805664,17.459253311157227,0.9810164570808411,0,-1,1,419,0.8330019880715706,2.0,503,0.3141634464263916,0,0.0,0,0.0,0,2.2077112197875977,2,7
NGSIM,Fritzsche,101,240,268,268,26.8,0.9050207138061523,1.2271050214767456,10.736480712890625,11.958834648132324,1.1696830987930298,0,-1,1,261,0.9738805970149254,2.0,268,0.3667728900909424,0,0.0,0,0.0,0,2.870687961578369,0,5
NGSIM,Fritzsche,101,241,367,367,36.7,0.601902961730957,0.7700182795524597,15.299036979675293,17.58001136779785,1.1903399229049683,0,-1,1,250,0.6811989100817438,2.0,367,1.2325689792633057,0,0.0,0,0.0,0,9.666365623474121,0,5
NGSIM,Fritzsche,101,242,150,150,15.0,0.5757999420166016,0.7652488946914673,3.3484673500061035,3.6575803756713867,0.46704360842704773,0,-1,1,39,0.26,2.0,150,1.4682122468948364,0,0.0,0,0.0,0,13.5388822555542,1,6
NGSIM,Fritzsche,101,243,148,148,14.8,0.684373676776886,0.8515624403953552,8.064681053161621,10.0736722946167,1.2832207679748535,0,-1,1,43,0.2905405405405405,2.0,148,1.754920244216919,0,0.0,0,0.0,0,9.980517387390137,1,6
NGSIM,Fritzsche,101,244,543,543,54.300000000000004,0.5492551922798157,0.7368555068969727,8.648701667785645,9.602193832397461,1.1848102807998657,1,437,1,437,0.8047882136279927,2.0,437,0.0,0,0.0,0,0.0,0,0.0,1,6
NGSIM,Fritzsche,101,245,549,549,54.900000000000006,0.5870618224143982,0.7251208424568176,5.97702693939209,7.092611789703369,0.7548815608024597,0,-1,1,518,0.9435336976320583,2.0,549,0.35424473881721497,0,0.0,0,0.0,0,2.8617100715637207,0,5
NGSIM,Fritzsche,101,246,500,500,50.0,0.5552595853805542,0.7102169394493103,11.747626304626465,12.553977966308594,2.988870620727539,1,334,1,312,0.624,2.0,334,0.0,0,0.0,0,0.0,0,0.0,1,6
NGSIM,Fritzsche,101,247,329,329,32.9,0.5772234797477722,0.7327659726142883,6.684574127197266,8.414558410644531,0.9350939393043518,0,-1,1,140,0.425531914893617,2.0,329,1.7250984907150269,0,0.0,0,0.0,0,13.309473991394043,2,7
NGSIM,Fritzsche,101,248,194,194,19.400000000000002,0.40727025270462036,0.5111130475997925,13.711649894714355,15.724798202514648,1.269100546836853,0,-1,1,133,0.6855670103092784,2.0,194,1.2221046686172485,0,0.0,0,0.0,0,9.049224853515625,1,6
NGSIM,Fritzsche,101,249,495,495,49.5,0.7074987888336182,0.9333462715148926,6.4399261474609375,7.1943440437316895,1.0537872314453125,1,334,1,297,0.6,2.0,334,0.0,0,0.0,0,0.0,0,0.0,1,6
NGSIM,Fritzsche,101,250,624,624,62.400000000000006,0.5699744820594788,0.8280293941497803,12.025541305541992,13.434027671813965,2.2097110748291016,1,306,1,306,0.49038461538461536,2.0,306,0.0,0,0.0,0,0.0,0,0.0,0,5
NGSIM,Fritzsche,101,251,693,693,69.3,0.5096664428710938,0.6912122368812561,12.640273094177246,15.670869827270508,3.2273147106170654,1,235,1,21,0.030303030303030304,2.0,235,0.0,0,0.0,0,0.0,0,0.0,0,5
NGSIM,Fritzsche,101,252,455,455,45.5,0.6893829107284546,0.9027336239814758,1.4287470579147339,2.1736226081848145,0.5442249178886414,0,-1,1,455,1.0,2.0,455,1.1074905395507812,0,0.0,0,0.0,0,7.800183296203613,1,6
NGSIM,Fritzsche,101,253,277,277,27.700000000000003,0.7851782441139221,1.0187501907348633,12.702292442321777,18.331493377685547,1.7010986804962158,0,-1,1,136,0.49097472924187724,2.0,277,1.4027431011199951,0,0.0,0,0.0,0,15.438179016113281,2,7
NGSIM,Fritzsche,101,254,305,305,30.5,0.5554057955741882,0.7174263000488281,4.538614749908447,5.1099853515625,0.697623610496521,0,-1,1,297,0.9737704918032787,2.0,305,0.46891242265701294,0,0.0,0,0.0,0,3.8378825187683105,1,6
NGSIM,Fritzsche,101,255,327,327,32.7,0.6998040080070496,0.8861154317855835,8.440572738647461,9.356552124023438,1.0611921548843384,0,-1,1,125,0.382262996941896,2.0,327,0.3081890940666199,0,0.0,0,0.0,0,2.033184289932251,0,5
NGSIM,Fritzsche,101,256,185,185,18.5,0.5797654986381531,0.7524725198745728,6.112375736236572,7.281827449798584,0.6892949342727661,0,-1,1,185,1.0,2.0,185,1.3184858560562134,0,0.0,0,0.0,0,11.29926872253418,1,6
NGSIM,Fritzsche,101,257,614,614,61.400000000000006,0.6019425988197327,0.7661096453666687,7.530937671661377,8.635003089904785,1.124791145324707,1,560,1,406,0.6612377850162866,2.0,560,0.0,0,0.0,0,0.0,0,0.0,2,7
NGSIM,Fritzsche,101,258,578,578,57.800000000000004,0.6123133897781372,0.9314063191413879,11.042080879211426,12.134713172912598,3.078634023666382,1,122,1,107,0.185121107266436,2.0,122,0.0,0,0.0,0,0.0,0,0.0,0,5
NGSIM,Fritzsche,101,259,528,528,52.800000000000004,0.5798640251159668,0.7683312296867371,3.601933479309082,4.362725257873535,0.7117096185684204,0,-1,1,262,0.4962121212121212,2.0,528,1.1371965408325195,0,0.0,0,0.0,0,3.3900136947631836,2,7
NGSIM,Fritzsche,101,260,213,213,21.3,0.8416790962219238,0.9997936487197876,44.37437057495117,52.262489318847656,4.165729522705078,0,-1,1,13,0.06103286384976526,2.0,213,1.722992181777954,0,0.0,0,0.0,0,29.210224151611328,1,6
NGSIM,Fritzsche,101,261,424,424,42.400000000000006,0.6150113940238953,0.7752628326416016,8.728567123413086,10.254440307617188,0.7999569177627563,1,383,1,293,0.6910377358490566,2.0,383,0.0,0,0.0,0,0.0,0,0.0,2,7
NGSIM,Fritzsche,101,262,379,379,37.9,0.6530833840370178,0.9011924266815186,5.442798137664795,6.215768337249756,1.074445366859436,0,-1,1,379,1.0,2.0,379,0.28068405389785767,0,0.0,0,0.0,0,2.030738353729248,2,7
NGSIM,Fritzsche,101,263,512,512,51.2,0.662338137626648,0.8627930283546448,3.7396764755249023,4.524279594421387,0.7826189398765564,1,506,1,506,0.98828125,2.0,506,0.0,0,0.0,0,0.0,0,0.0,1,6
NGSIM,Fritzsche,101,264,503,503,50.300000000000004,0.5560231804847717,0.701906681060791,5.333531379699707,5.920365810394287,0.5031121373176575,0,-1,1,503,1.0,2.0,503,0.5307469964027405,0,0.0,0,0.0,0,3.5848896503448486,0,5
NGSIM,Fritzsche,101,265,277,277,27.700000000000003,0.6636607050895691,0.874108076095581,16.231304168701172,25.630290985107422,2.75703501701355,0,-1,1,121,0.4368231046931408,2.0,277,1.1502463817596436,0,0.0,0,0.0,0,10.78935718536377,2,7
NGSIM,Fritzsche,101,266,179,179,17.900000000000002,0.41537079215049744,0.5588095784187317,1.0005450248718262,1.161820888519287,0.3505096137523651,0,-1,1,10,0.055865921787709494,2.0,179,1.9266293048858643,0,0.0,0,0.0,0,17.878055572509766,0,5
NGSIM,Fritzsche,101,267,173,173,17.3,0.5024932622909546,0.6705775260925293,3.931941509246826,4.441436767578125,0.7745592594146729,0,-1,1,57,0.32947976878612717,2.0,173,1.581728458404541,0,0.0,0,0.0,0,3.863006830215454,2,7
NGSIM,Fritzsche,101,268,360,360,36.0,0.7099081873893738,0.8781096935272217,4.17527961730957,4.944620609283447,0.662820041179657,0,-1,1,291,0.8083333333333333,2.0,360,0.9810941815376282,0,0.0,0,0.0,0,7.042640209197998,2,7
NGSIM,Fritzsche,101,269,827,827,82.7,0.7121822834014893,1.0588648319244385,8.490615844726562,9.232528686523438,3.0290627479553223,1,213,1,213,0.25755743651753327,2.0,213,0.0,0,0.0,0,0.0,0,0.0,0,5
NGSIM,Fritzsche,101,270,580,580,58.0,0.6078426837921143,0.8279345035552979,6.749237060546875,7.997344017028809,3.512233018875122,1,267,1,267,0.4603448275862069,2.0,267,0.0,0,0.0,0,0.0,0,0.0,2,7
NGSIM,Fritzsche,101,271,394,394,39.400000000000006,0.5835106372833252,0.7562963962554932,7.256051540374756,7.888745307922363,0.6752324104309082,0,-1,1,312,0.7918781725888325,2.0,394,1.6047873497009277,0,0.0,0,0.0,0,12.260129928588867,2,7
NGSIM,Fritzsche,101,272,312,312,31.200000000000003,0.5881472826004028,0.7166323065757751,7.530826568603516,8.496466636657715,0.7806369066238403,0,-1,1,312,1.0,2.0,312,0.6906052231788635,0,0.0,0,0.0,0,5.559235572814941,0,5
NGSIM,Fritzsche,101,273,167,167,16.7,0.5856592059135437,0.7654241919517517,1.5625932216644287,2.2406930923461914,0.7083300352096558,0,-1,0,0,0.0,2.0,167,2.0476841926574707,0,0.0,0,0.0,0,11.527554512023926,0,5
NGSIM,Fritzsche,101,274,267,267,26.700000000000003,0.8632937073707581,1.154384970664978,4.826881408691406,5.772755146026611,0.8811898827552795,0,-1,1,188,0.704119850187266,2.0,267,0.36094823479652405,0,0.0,0,0.0,0,1.5124253034591675,0,5
NGSIM,Fritzsche,101,275,366,366,36.6,0.7073475122451782,0.9001860618591309,3.034628391265869,4.211236476898193,0.7591143250465393,0,-1,1,365,0.9972677595628415,2.0,366,1.3290637731552124,0,0.0,0,0.0,0,7.795617580413818,2,7
NGSIM,Fritzsche,101,276,283,283,28.3,0.45392313599586487,0.5886806845664978,2.1770567893981934,2.584521770477295,0.6478447914123535,0,-1,1,108,0.38162544169611307,2.0,283,1.5743893384933472,0,0.0,0,0.0,0,15.190155029296875,1,6
NGSIM,Fritzsche,101,277,372,372,37.2,0.5586811304092407,0.7873007655143738,8.759298324584961,9.759429931640625,2.017155170440674,1,244,1,223,0.5994623655913979,2.0,244,0.0,0,0.0,0,0.0,0,0.0,1,6
NGSIM,Fritzsche,101,278,554,554,55.400000000000006,0.5666899681091309,0.7021758556365967,8.61363410949707,9.42784595489502,0.709278404712677,1,509,1,249,0.44945848375451264,2.0,509,0.0,0,0.0,0,0.0,0,0.0,0,5
NGSIM,Fritzsche,101,279,595,595,59.5,0.5514264106750488,0.759637176990509,9.225932121276855,10.391739845275879,5.253222465515137,1,200,1,149,0.2504201680672269,2.0,200,0.0,0,0.0,0,0.0,0,0.0,1,6
NGSIM,Fritzsche,101,280,132,132,13.200000000000001,1.10443115234375,1.2958812713623047,28.141511917114258,34.510215759277344,4.942647933959961,0,-1,1,11,0.08333333333333333,2.0,132,1.6490224599838257,0,0.0,0,0.0,0,28.77136993408203,1,6
NGSIM,Fritzsche,101,281,588,588,58.800000000000004,0.7268975377082825,0.9810478687286377,8.3672513961792,9.950794219970703,3.364720344543457,1,320,1,305,0.5187074829931972,2.0,320,0.0,0,0.0,0,0.0,0,0.0,0,5
NGSIM,Fritzsche,101,282,266,266,26.6,0.6780084371566772,0.8519039750099182,7.268497943878174,10.165989875793457,1.797786831855774,0,-1,1,77,0.2894736842105263,2.0,266,1.7339732646942139,0,0.0,0,0.0,0,15.757774353027344,1,6
NGSIM,Fritzsche,101,283,448,448,44.800000000000004,0.6972742676734924,0.848518967628479,9.181581497192383,10.458173751831055,0.6905326843261719,0,-1,1,278,0.6205357142857143,2.0,448,0.091914102435112,0,0.0,0,0.0,0,0.6154815554618835,0,5
NGSIM,Fritzsche,101,284,283,283,28.3,0.6257282495498657,0.8265794515609741,3.8312034606933594,4.603955268859863,0.664801299571991,0,-1,1,77,0.27208480565371024,2.0,283,1.135319471359253,0,0.0,0,0.0,0,4.021191596984863,1,6
NGSIM,Fritzsche,101,285,517,517,51.7,0.6347606778144836,0.8221244812011719,6.5392303466796875,9.100769996643066,0.8840843439102173,0,-1,1,428,0.8278529980657641,2.0,517,0.2513520419597626,0,0.0,0,0.0,0,1.6597858667373657,0,5
NGSIM,Fritzsche,101,286,354,354,35.4,0.4049944281578064,0.5397408604621887,6.640977382659912,7.34311580657959,0.5432031154632568,0,-1,1,221,0.6242937853107344,2.0,354,1.5440934896469116,0,0.0,0,0.0,0,7.447040557861328,1,6
NGSIM,Fritzsche,101,287,232,232,23.200000000000003,0.4826873540878296,0.6097389459609985,2.2180516719818115,2.5634570121765137,0.5466738343238831,0,-1,1,8,0.034482758620689655,2.0,232,1.9780795574188232,0,0.0,0,0.0,0,12.534774780273438,2,7
NGSIM,Fritzsche,101,288,533,533,53.300000000000004,0.5439356565475464,0.7173637747764587,9.171024322509766,10.927093505859375,2.072139263153076,1,384,1,342,0.6416510318949343,2.0,384,0.0,0,0.0,0,0.0,0,0.0,0,5
